marvel,writer,gene,luen,yang,explains,updated,marvel,comics,character,deal,manchu,asian,american,racism,interview,best,movie,podcast,galaxy,brains,
should,hardy,venom,become,part,here,some,reasons,marvel,favorite,symbiote,should,shouldn,join,narrative,
despite,shang,legend,rings,hitting,cinemas,diehard,marvel,fans,already,looking,forward,next,film,franchise,eternals,star,studded,cast,superheroes,angelina,jolie,opened,about,
shang,legend,rings,something,anomaly,marvel,cinematic,universe,when,title,character,makes,debut,theaters,sept,will,zero,preamble,from,world,been,established,marve,
this,week,office,column,spotlights,successful,second,weekend,numbers,shang,disappointing,opening,malignant,
even,marvel,comics,believes,industry,overflowing,world,ending,crossover,events,they,warn,readers,much,deadpool,comic,
marvel,cinematic,universe,taught,anything,heroes,arise,from,unexpected,places,
iron,been,drunk,before,iron,stores,from,marvel,comics,this,november,revealed,marvel,full,monthly,solicitations,about,drunk,again,cosmic,power,solicit,issue,reveals,tony,stark,will,
there,many,characters,similar,superman,exist,marvel,universe,
marvel,been,around,years,many,comics,characters,explore,marvel,comics,universe,
mild,spoilers,follow,shang,legend,rings,
ending,marvel,martial,arts,epic,welcomes,shang,world,avengers,some,familiar,cameos,spoilers,
marvel,comics,universe,about,changed,forever,actually,seems,like,about,changed,forever,post,sounds,like,marvel,comics,universe,going,have,rough,winter,appeared,first,gizmodo,australia,related,stories,
light,lunch,assemble,more,than,ever,various,characters,from,marvel,comics,have,been,gracing,sorts,media,from,live,action,cinema,ukiyo,woodblock,prints,late,last,year,they,were,interpreted,perhaps,most,loved,medium,around,
marvel,some,characters,like,dracula,universe,predate,existence,company,
strongest,avenger,hulk,after,latest,trailer,shang,legend,rings,titular,hero,played,simu,states,father,wenwu,tony,leung,trained,greatest,weapon,rings,
motherfucker,least,aren,careful,this,someone,whose,profession,fantasy,author,requires,function,have,egotistical,enough,believe,what,putting,down,page,something,special,
sony,spider,universe,brand,sony,marvel,films,superherohype,spider,home,teaser,trailer,movieclips,trailers,movieclips,trailers,fans,convinced,spider,home,traile,
marvel,released,first,details,about,eight,upcoming,tentpole,titles,they,will,shape,future,marvel,universe,months,come,including,number,projects,evocative,what,going,their,film,project,
event,will,wilson,fisk,leverage,dirt,gathered,heroes,marvel,power,post,zdarsky,checchetto,devil,reign,reveals,dark,secrets,marvel,universe,appeared,first,beat,
opinion,fact,kind,deal,lets,celebrate,some,commanding,captain,carter,cosplays,peggy,carter,founder,world,operative,general,baddass,there,denying,captain,carter,legendary,hero,
entire,marvel,universe,canon,grabs,what,comicbook,brandon,davis,down,head,writer,bradley,executive,producer,brian,winderbaum,exclusive,interview,during,conversation,revealed,they,
marvel,universe,massive,heroes,display,whole,range,skills,genius,qualities,higher,marvel,officially,acknowledge,there,some,whose,behaviors,suggest,their,brains,marching,beat,different,
even,michael,keaton,having,trouble,keeping,connections,marvel,movie,universe,straight,while,filming,sony,morbius,movie,morbius,spin,sony,current,spider,movie,franchise,holland,which,sees,jared,leto,play,scientis,
stands,right,peter,parker,able,have,role,standalone,marvel,movies,released,sony,save,ones,produced,marvel,studios,which,exist,entirely,different,cinematic,universe,however,appears,
iron,actor,robert,downey,thank,kicking,marvel,cinematic,universe,unprecedented,success,office,streaming,world,marvel,biggest,names,industry,thanks,iconic,tony,stark,character,
time,marvel,cinematic,universe,fans,meet,henry,michael,douglass,brilliant,scientist,longer,heroic,ally,once,early,career,world,renowned,physicist,entomologist,
marvel,comics,universe,about,changed,forever,actually,seems,like,about,changed,forever,multiple,occasions,between,december,this,year,february,publisher,announced,eight,tentpole,series,least,
guardians,galaxy,theaters,over,four,years,introducing,villainous,taserface,masses,while,character,played,this,star,chris,sullivan,wasn,film,primary,antagonist,still,substantial,amount,scre,
storytelling,professional,wrestling,easily,biggest,parts,what,makes,fans,return,week,after,week,organizations,such,while,chris,jericho,played,heavy,role,both,companies,superstar,recently,stated,
first,games,announced,during,gamescom,post,marvel,midnight,suns,reveals,darker,side,marvel,universe,coming,from,firaxis,march,appeared,first,playstation,lifestyle,
marvel,midnight,suns,allows,players,guide,movements,established,marvel,heroes,during,tactical,combat,players,themselves,will,take,role,character,known,hunter,this,protagonist,totally,hero,hasn,been,seen,
marvel,collection,films,series,showcases,many,actors,have,played,more,than,character,marvel,cinematic,universe,multiverse,mind,does,this,affect,future,related,marvel,confirms,original,actor,
find,myself,enjoying,different,things,watching,through,second,time,click,through,read,introducing,marvel,cinematic,universe,teen,phase,geekmom,value,content,from,geekmom,please,support,
great,replacement,will,leave,anything,created,historic,american,nation,untouched,includes,captain,america,quintessential,historic,american,years,after,killing,most,important,marvel,cinematic,universe,characters,very,
marvel,cinematic,universe,taught,anything,heroes,arise,from,unexpected,places,
wait,shang,characters,other,heroes,view,entire,post,
where,does,shang,marvel,cinematic,universe,timeline,
fast,furious,gritty,mostly,down,earth,racing,movie,paul,walker,diesel,moderately,believable,action,stars,fast,furious,movies,grew,alongside,directors,producers,have,responded,
galactus,marvel,eternals,movie,bringing,celestials,marvel,cinematic,universe,they,were,originally,imagined,jack,kirby,himself,read,comic,book,origin,story,creator,gods,marvel,universe,
simu,superhero,saved,world,shang,legend,rings,credits,scene,sets,next,steps,spoilers,
marvel,cinematic,universe,taught,anything,heroes,arise,from,unexpected,places,their,film,entry,place,valet,
although,calendar,year,when,marvel,expected,introduce,their,phase,marvel,cinematic,universe,covid,forced,them,change,their,plans,
should,hardy,venom,become,part,here,some,reasons,marvel,favorite,symbiote,should,shouldn,join,narrative,
sony,pictures,universe,marvel,characters,more,films,like,venom,there,carnage,morbius,will,sony,spider,universe,
kevin,feige,said,casting,robert,downey,iron,both,biggest,risk,most,important,thing,founding,marvel,cinematic,universe,without,robert,wouldn,sitting,here,today,said,
marvel,eternals,movie,bringing,celestials,marvel,cinematic,universe,they,were,originally,imagined,jack,kirby,himself,read,comic,book,origin,story,creator,gods,marvel,universe,
shang,legend,rings,first,marvel,movie,phase,actually,feel,like,telling,story,instead,mourning,characters,from,older,
hawkeye,trailer,breakdown,every,easter,kingpin,cameo,explained,marvel,cinematic,universescreencrush,have,many,questions,about,hawkeye,steve,rogers,musicalyahoo,lifestyle,marvel,studios,hawkeye,official,trailer,disney,marvel,entertainment,
hollywood,latest,attempt,score,huge,highly,restrictive,chinese,market,asian,actor,been,cast,leading,marvel,superhero,first,time,shang,legend,rings,tomorrow,takes,instal,
sony,spider,universe,brand,sony,marvel,filmssuperherohype,spider,home,trailer,badcollider,mephisto,true,villain,spider,home,radio,times,marvel,spider,problemthe,week,magazine,
movie,landed,theaters,friday,take,journey,through,series,post,credits,scenes,since,
ending,marvel,martial,arts,epic,welcomes,shang,world,avengers,some,familiar,cameos,spoilers,
trailer,reiterates,eternals,will,shown,only,theaters,starting,november,
shang,stars,simu,meng,zhang,took,marvel,cinematic,universe,trivia,quiz,your,turnbuzzfeed,opinion,shang,first,asian,american,superhero,mattersthe,york,times,shang,hits,theaters,showing,marvel,flip,
movie,landed,theaters,friday,take,journey,through,series,post,credits,scenes,since,
ending,marvel,martial,arts,epic,welcomes,shang,world,avengers,some,familiar,cameos,spoilers,
