Date,Source,Title,Headline
2021-09-10,polygon,Rethinking Shang Chi s problematic origins in the Marvel universe with Gene Luen Yang,Marvel writer Gene Luen Yang explains updated Marvel Comics character deal with Manchu Asian American racism interview best movie podcast Galaxy Brains
2021-08-14,None,Venom in the Marvel Cinematic Universe Why it should or shouldn t happen,Should Hardy Venom become part Here some reasons Marvel favorite symbiote should shouldn join narrative
2021-09-05,None,Eternals Star Angeline Jolie Explains Why She Decided to Join the Marvel Cinematic Universe,Despite Shang Legend Rings just hitting cinemas diehard Marvel fans already looking forward next film franchise Eternals With star studded cast superheroes Angelina Jolie opened about
2021-08-30,None,Before Seeing Shang Chi Here s Everything You Need to Know From the Marvel Cinematic Universe,Shang Legend Rings something anomaly within Marvel Cinematic Universe that when title character makes debut theaters Sept will with zero preamble from world that been established Marve
2021-09-13,None,Shang Chi Had One of the Best Second Weekends of the Marvel Cinematic Universe,This week office column spotlights successful second weekend numbers Shang disappointing opening Malignant
2021-09-10,None,Even Marvel Thinks Too Many Universe Ending Crossovers Is Boring,Even Marvel Comics believes industry overflowing with world ending crossover events they warn readers much Deadpool comic
2021-08-31,independent,Review Shang Chi adds a thrilling hero to Marvel universe,Marvel Cinematic Universe taught anything that heroes arise from unexpected places
2021-08-19,None,Will Iron Man Get Stoned and Reboot the Marvel Universe in November,Iron been drunk before Iron stores from Marvel Comics this November just revealed Marvel full monthly solicitations about drunk again cosmic power solicit issue reveals that Tony Stark will
2021-08-24,None,Superman Like Characters In The Marvel Universe,There many characters similar Superman exist within Marvel universe
2021-08-16,None,A Deep Dive Into the Marvel Comics Universe How Big Is It,Marvel been around years with many comics characters explore just Marvel Comics universe
2021-08-23,independent,Iron Man star addresses shock return to Marvel universe in Shang Chi,Mild spoilers follow Shang Legend Rings
2021-09-08,None,How Shang Chi s post credits scenes ties into the Marvel universe CNET,ending Marvel martial arts epic welcomes Shang world Avengers with some familiar cameos Spoilers
2021-08-31,None,Sounds Like the Marvel Comics Universe Is Going to Have a Rough Winter,Marvel Comics Universe about changed forever Actually seems like about changed forever post Sounds Like Marvel Comics Universe Going Have Rough Winter appeared first Gizmodo Australia Related Stories
2021-09-02,None,Marvel Culinary Universe coming to pop up cafe in Osaka this September,Light lunch assemble more than ever various characters from Marvel comics have been gracing sorts media from live action cinema ukiyo woodblock prints late last year they were interpreted perhaps most loved medium around
2021-09-01,None,Dracula And Other Mythical Characters That Exist In The Marvel Universe,Marvel some characters like Dracula universe that predate existence company
2021-08-23,None,Shang Chi s latest trailer teases killer soundtrack new era of the Marvel Cinematic Universe,strongest Avenger Hulk after latest trailer Shang Legend Rings titular hero played Simu states that father Wenwu Tony Leung trained greatest weapon Rings
2021-08-23,None,The Role of Ego No Not the Living Planet in the Marvel Cinematic Universe,motherfucker least aren careful this someone whose profession fantasy author requires function have egotistical enough believe that what putting down page something special
2021-08-24,None,Sony s Spider Man Universe Is the New Brand for Sony s Marvel Films Superherohype com,Sony Spider Universe Brand Sony Marvel Films Superherohype Spider Home Teaser Trailer Movieclips Trailers Movieclips Trailers Fans convinced Spider Home traile
2021-08-31,None,Marvel Announces New Series For Future Of Marvel Universe,Marvel just released first details about eight upcoming tentpole titles that they will shape future Marvel Universe months come including number projects that evocative what going their film project
2021-09-07,None,Zdarsky Checchetto s DEVIL S REIGN reveals the dark secrets of the Marvel Universe,event will Wilson Fisk leverage dirt gathered heroes Marvel power post Zdarsky Checchetto DEVIL REIGN reveals dark secrets Marvel Universe appeared first Beat
2021-08-16,None,Marvel Cosplay What If s Peggy Carter is the Lynchpin of the Marvel Universe,opinion fact kind deal Lets celebrate some commanding Captain Carter Cosplays Peggy Carter Founder World operative General baddass There denying that Captain Carter legendary hero
2021-08-13,None,What If Is Marvel Cinematic Universe Canon With Complete Freedom,entire Marvel Universe Canon grabs What Comicbook Brandon Davis down with head writer Bradley executive producer Brian Winderbaum exclusive interview During that conversation revealed that they
2021-08-27,None,Autism ADHD and Neurodiversity in the Marvel Cinematic Universe,Marvel universe massive heroes display whole range skills genius qualities higher Marvel officially acknowledge there some whose behaviors suggest their brains marching beat different
2021-08-18,None,Michael Keaton Was Confused By Marvel Universe While Filming Morbius,Even Michael Keaton having trouble keeping connections Marvel Movie Universe straight while filming Sony Morbius movie Morbius spin Sony current Spider movie franchise with Holland which sees Jared Leto play scientis
2021-08-24,None,Sony s Marvel Movie Universe Gets a Spider Man Rebrand,stands right Peter Parker able have role standalone Marvel movies released Sony save ones that produced Marvel Studios which exist within entirely different cinematic universe However appears
2021-09-06,None,Iron Man s Future in the Marvel Cinematic Universe,Iron actor Robert Downey thank kicking Marvel Cinematic Universe unprecedented success office streaming world Marvel biggest names industry thanks iconic Tony Stark character
2021-09-06,None,The Genius of Hank Pym in the Marvel Cinematic Universe,time Marvel Cinematic Universe fans meet Henry Michael Douglass brilliant scientist longer heroic ally once Early career world renowned physicist entomologist
2021-08-31,None,Sounds Like the Marvel Comics Universe Is Going to Have a Rough Winter,Marvel Comics Universe about changed forever Actually seems like about changed forever multiple occasions between December this year February publisher announced eight tentpole series least
2021-08-16,None,Guardians of the Galaxy s Chris Sullivan on Taserface Return Nobody Is Dead in the Marvel Universe,Guardians Galaxy theaters over four years introducing villainous Taserface masses While character played This star Chris Sullivan wasn film primary antagonist still substantial amount scre
2021-08-19,None,Chris Jericho Wants To Transform The AEW Into The Marvel Cinematic Universe,Storytelling professional wrestling easily biggest parts what makes fans return week after week organizations such while Chris Jericho played heavy role both companies superstar recently stated
2021-08-25,None,Marvel s Midnight Suns Reveals the Darker Side of the Marvel Universe Coming From Firaxis in March,first games announced during gamescom post Marvel Midnight Suns Reveals Darker Side Marvel Universe Coming From Firaxis March appeared first PlayStation LifeStyle
2021-09-04,None,Midnight Suns Devs Explain the Hunter s Role In the Marvel Universe,Marvel Midnight Suns allows players guide movements established Marvel heroes during tactical combat players themselves will take role character known Hunter This protagonist totally hero that hasn been seen
2021-09-07,None,Actors Who Played Multiple Characters in the Marvel Cinematic Universe,Marvel collection films series showcases many actors have played more than character Marvel Cinematic Universe With Multiverse mind does this affect future Related Marvel Confirms Original Actor
2021-08-23,None,Introducing the Marvel Cinematic Universe to My Pre teen Phase Two,find myself enjoying different things watching through second time with Click through read Introducing Marvel Cinematic Universe teen Phase GeekMom value content from GeekMom please support
2021-09-06,None,The Great Replacement Comes for Captain America He s Now Black In Marvel Cinematic Universe Whites Have No Place,Great Replacement will leave anything created Historic American Nation untouched That includes Captain America quintessential Historic American years after killing most important Marvel Cinematic Universe characters very
2021-08-31,abc-news,Review Shang Chi adds a thrilling hero to Marvel universe,Marvel Cinematic Universe taught anything that heroes arise from unexpected places
2021-09-02,buzzfeed,Shang Chi Stars Simu Liu And Meng er Zhang Took A Marvel Cinematic Universe Trivia Quiz And Now It s Your Turn,wait Shang characters with other heroes View Entire Post
2021-08-17,None,Where does Shang Chi fit in the Marvel Cinematic Universe timeline PSA,Where does Shang Marvel Cinematic Universe timeline
2021-09-06,polygon,The Marvel Cinematic Universe has radically reshaped the Fast Furious franchise,Fast Furious gritty mostly down earth racing movie with Paul Walker Diesel moderately believable action stars Fast Furious movies grew alongside directors producers have responded
2021-08-19,polygon,The Eternals trailer s giant red robot is the Cthulhu of the Marvel universe,that Galactus Marvel Eternals movie bringing Celestials Marvel Cinematic Universe they were originally imagined Jack Kirby himself Read comic book origin story creator gods Marvel Universe
2021-09-04,usa-today,Spoilers How those Shang Chi end credits scenes catapult the new superhero into the Marvel universe,Simu superhero saved world Shang Legend Rings credits scene sets next steps Spoilers
2021-08-31,None,Review Shang Chi adds a thrilling hero to Marvel universe,Marvel Cinematic Universe taught anything that heroes arise from unexpected places their film entry that place valet
2021-08-23,marca,Marvel Universe Phase The full list of release dates,Although calendar year when Marvel expected introduce their Phase Marvel Cinematic Universe COVID forced them change their plans
2021-08-14,None,Venom in the Marvel Cinematic Universe Why it should or shouldn t happen,Should Hardy Venom become part Here some reasons Marvel favorite symbiote should shouldn join narrative
2021-08-24,None,Sony s Spider Man Universe Is the New Brand for Sony s Marvel Films,Sony Pictures Universe Marvel Characters more films like Venom There Carnage Morbius will Sony Spider Universe
2021-08-20,None,Casting Robert Downey Jr as Iron Man was the biggest risk for Marvel Cinematic Universe says Marvel chief Kevin Feige,Kevin Feige said casting Robert Downey Iron both biggest risk most important thing founding Marvel Cinematic Universe Without Robert wouldn sitting here today said
2021-08-19,polygon,The Eternals trailer s giant red robot is the Cthulhu of the Marvel universe,Marvel Eternals movie bringing Celestials Marvel Cinematic Universe they were originally imagined Jack Kirby himself Read comic book origin story creator gods Marvel Universe
2021-08-23,the-verge,Shang Chi made me excited about the Marvel Cinematic Universe again,Shang Legend Rings first Marvel movie Phase actually feel like telling story instead mourning characters from older
2021-09-14,None,HAWKEYE Trailer Breakdown Every EASTER EGG Kingpin Cameo EXPLAINED Marvel Cinematic Universe ScreenCrush,HAWKEYE Trailer Breakdown Every EASTER Kingpin Cameo EXPLAINED Marvel Cinematic UniverseScreenCrush Have Many Questions About HAWKEYE Steve Rogers MusicalYahoo Lifestyle Marvel Studios Hawkeye Official Trailer Disney Marvel Entertainment
2021-09-01,None,Chinese superhero takes center stage in latest outing of the Marvel universe,Hollywood latest attempt score huge highly restrictive Chinese market Asian actor been cast leading Marvel superhero first time Shang Legend Rings tomorrow takes instal
2021-08-24,None,Sony s Spider Man Universe Is the New Brand for Sony s Marvel Films Superherohype com,Sony Spider Universe Brand Sony Marvel FilmsSuperherohype Spider Home Trailer BadCollider Mephisto true villain Spider Home Radio Times Marvel Spider problemThe Week Magazine
2021-09-03,None,Marvel Cinematic Universe post credits scenes ranked as Shang Chi hits theaters CNET,movie landed theaters Friday take journey through series post credits scenes since
2021-09-08,None,How Shang Chi s post credits scenes ties into the Marvel universe CNET,ending Marvel martial arts epic welcomes Shang world Avengers with some familiar cameos Spoilers
2021-08-19,None,Eternals Final Trailer Chlo Zhao Puts Her Cosmic Stamp on the Marvel Cinematic Universe,trailer reiterates Eternals will shown only theaters starting November
2021-09-03,None,Shang Chi Stars Simu Liu And Meng er Zhang Took A Marvel Cinematic Universe Trivia Quiz And Now It s Your Turn BuzzFeed,Shang Stars Simu Meng Zhang Took Marvel Cinematic Universe Trivia Quiz Your TurnBuzzFeed Opinion Shang First Asian American Superhero MattersThe York Times Shang hits theaters showing Marvel flip
2021-09-03,None,Marvel Cinematic Universe post credits scenes ranked as Shang Chi hits theaters,movie landed theaters Friday take journey through series post credits scenes since
2021-09-12,None,How Shang Chi s post credits scenes ties into the Marvel universe,ending Marvel martial arts epic welcomes Shang world Avengers with some familiar cameos Spoilers
